id;first_name;last_name;email;phone_number;hire_date;iban_no;company;language;street_address;postal_code;city;state_province;country
1;Lola;Rodriguez;Lily.Kihn75@yahoo.com;repurpose modular;2020-11-08T12:20:34;12617;EFRAME;FRENCH;withdrawal;Handmade silver;Bodetown;Indiana;SWITZERLAND
2;Jaycee;Turcotte;Meredith.OHara@hotmail.com;Garden Berkshire Isle;2020-11-08T16:32:23;78300;REALISATOR;FRENCH;Singapore;Connecticut Berkshire Wooden;North Bill;open-source;FRANCE
3;Myrtice;O'Hara;Imogene95@yahoo.com;calculate Concrete Soap;2020-11-08T07:56:05;95498;ECARE;ITALIAN;payment Expressway;infrastructures 24 hour Sleek;Johannshire;Automated Small Concrete Chicken;AUSTRIA
4;Hope;Cruickshank;Louvenia21@hotmail.com;Table;2020-11-07T23:23:09;81327;EFRAME;ITALIAN;Bedfordshire;quantify Kids;Aurelioton;architecture Pants Profound;FRANCE
5;Abe;Olson;Cedrick_Muller16@gmail.com;Investor;2020-11-07T21:36:00;11695;ECARE;FRENCH;redundant;incentivize;Kayleighfurt;Gorgeous Baby Toys;LUXEMBOURG
6;Ila;Bradtke;Brycen_Prosacco93@hotmail.com;Egyptian Pound customized backing up;2020-11-08T19:08:48;89085;TELLCO;FRENCH;Unbranded;Granite;East Helen;bypassing killer Turkish Lira;GERMANY
7;Edgar;Barton;Stacy_Rolfson@gmail.com;Administrator green overriding;2020-11-08T18:46:57;23747;TELLCO;ENGLISH;Agent;Developer back-end reboot;Sabrinatown;Licensed Wooden Computer virtual;FRANCE
8;Dennis;Kautzer;Grace_Brown@yahoo.com;Comoro Franc Agent Assistant;2020-11-08T05:40:51;91076;EFRAME;FRENCH;Car transmit Strategist;HTTP Bedfordshire;Haskellfort;open-source;AUSTRIA
9;Alda;Blanda;Tierra66@gmail.com;supply-chains;2020-11-08T08:34:56;32154;ECARE;FRENCH;Auto Loan Account Montana Accounts;feed;Sawaynborough;fuchsia;FRANCE
10;Bernie;Sipes;Dimitri13@yahoo.com;Principal Garden Rapids;2020-11-08T02:42:18;22038;TELLCO;FRENCH;Car Automated primary;Knolls virtual iterate;Emmetchester;Sleek Montana deposit;GERMANY
